[{"name": "Project Closure Resource Allocation Project Planning Project Planning Project Planning Resource Allocation.", "description": "Timeline Timeline Budget. Objectives Team Team Objectives Objectives Objectives. Objectives Team Timeline Team Team Objectives Team. Objectives Budget Budget Budget Budget.", "task_value": 883, "task_effort": 1, "task_id": "d195b4b2-dab7-4dd7-9f2e-6bb719efc8ed", "ratio": 883.0, "Rank": 1}, {"name": "User Interface Backend Development User Interface App Development User Interface Backend Development.", "description": "Functionality User Experience Performance User Experience Performance Performance Performance. Security User Experience User Experience Performance Functionality Security Performance.", "task_value": 921, "task_effort": 5, "task_id": "5ecbf4a1-ce10-4192-9f4f-b5529e599d24", "ratio": 184.2, "Rank": 3}, {"name": "Project Planning Project Planning Resource Allocation.", "description": "Budget Budget Budget Timeline Team Budget. Timeline Budget Timeline.", "task_value": 905, "task_effort": 36, "task_id": "44d3c5ad-edce-4f08-8dc6-61e9cdd53382", "ratio": 25.1388888889, "Rank": 5}, {"name": "Backend Development User Experience Testing.", "description": "User Interface User Interface User Interface User Interface User Interface. User Interface Functionality Security Functionality User Interface.", "task_value": 341, "task_effort": 8, "task_id": "ffaf43ed-58af-49ca-a22c-d711bfca0201", "ratio": 42.625, "Rank": 4}]