name,description,task_value,task_effort,task_id,ratio,Rank
Project Closure Resource Allocation Project Planning Project Planning Project Planning Resource Allocation.,Timeline Timeline Budget. Objectives Team Team Objectives Objectives Objectives. Objectives Team Timeline Team Team Objectives Team. Objectives Budget Budget Budget Budget.,883,1,d195b4b2-dab7-4dd7-9f2e-6bb719efc8ed,883.0,1
User Interface Backend Development User Interface App Development User Interface Backend Development.,Functionality User Experience Performance User Experience Performance Performance Performance. Security User Experience User Experience Performance Functionality Security Performance.,921,5,5ecbf4a1-ce10-4192-9f4f-b5529e599d24,184.2,3
Project Planning Project Planning Resource Allocation.,Budget Budget Budget Timeline Team Budget. Timeline Budget Timeline.,905,36,44d3c5ad-edce-4f08-8dc6-61e9cdd53382,25.1388888889,5
Backend Development User Experience Testing.,User Interface User Interface User Interface User Interface User Interface. User Interface Functionality Security Functionality User Interface.,341,8,ffaf43ed-58af-49ca-a22c-d711bfca0201,42.625,4
